Country,CompanyName,Name,Login,ALLogin
Malaysia,ABS Malaysia,Gurudatt Bhat,gurudattbn@techalfademo1.onmicrosoft.com,jan.lofgren@techalfademo.onmicrosoft.com
Belarus,AF Technology,Guru editor 2,gurueditor2@techalfademo1.onmicrosoft.com,jan.lofgren@techalfademo.onmicrosoft.com
Poland,PePe,Gurudatt,bngurudatt@gmail.com,jan.lofgren@techalfademo.onmicrosoft.com
Poland,Alfa L Service,Well,Guru editor 1,gurueditor1@techalfademo1.onmicrosoft.com,jan.lofgren@techalfademo.onmicrosoft.com 